"Song Name","Song URI","Old Likes","CL1","CL2","Car","Chillin","KPOP Likes","Basic","Basic Club","PSA","Fly","Fast","Jazzy","Slow","Light Groove","Groove","Light","Chill","High","The Thang","This Morning","Roadtrip","Old KPOP","Angsty Classically","Throwback","PnW Faves","PnW","Frees","Prayer","Old Pop","After All These Years","Liked from Radio","Carty BGM","Mendelssohn Quartet 6",
"I'm Yours","spotify:track:1EzrEOXmMH3G43AXT1y7pA","","","","","","","","","","","","","","","","","","","","","","","","x","","","","","","","","","",
"Goodbye","spotify:track:1CSceRZ3QvI4JczMF1PAil","","","x","","","","","","","","","","","","","x","","","","","","x","","","","","","","","","","","",
"I Do","spotify:track:04KMInAuiWDbgoI4AcUyrr","x","","","","","","","","","","","","","","","","","","","","","","","","","","","","","","","","",
"Christ Is Enough - Live","spotify:track:1aqZ4wT92JwutkhYg6Law5","","","","","","","","","","","","","","","","","","","","","","","","","","x","","","","","","","",
"Final Song","spotify:track:4qqArAiTPueDxIp7cf87h7","","","","","","","","","","","","","","","","","","","","","","","","","","","","","x","","","","",
"Once in a While","spotify:track:4cBGOdNeyGhu8ROeIC6H9Q","","","","","","","","","","","","","","","","","","","","","","","","","","","","","x","","","","",
"party (Shut Down) [feat. Crush]","spotify:track:1ihIXI2MVklmJdPvIUxExZ","x","x","","","","x","","","","","","","","","x","","","","","","","","","","","","","","","","","","",
"I Like Me Better - Recorded at Spotify Studios NYC","spotify:track:2uQNcZYa0SEbfW4cj0d9OS","","","","","","","x","","","","","","","","","","","","","","","","","","","","","","","","","","",
"Forever","spotify:track:2wMBKl2M7X20iHrbDcDp4D","","","","","","","","","","","","","","","","","","","","","","","","","","x","","","","","","","",
"heyahe","spotify:track:5HIKTopIsEr4NZM99yytdo","","","","","","x","","","","","","","","","x","","","","","","","","","","","","","","","","","","",
"Cool Side Of The Pillow","spotify:track:1UBCUQp3areFyJZjTwLz9g","","","","","","","","","","","","","x","","","","x","","","","","","","","","","","","","","","","",
"Your Glory / Nothing But The Blood - Live","spotify:track:5UgGtoBzu4mmslDkcbLduT","","","","","","","","","","","","","","","","","","","","","","","","","","x","","","","","","","",
"Mountain","spotify:track:6CFQGqTEdTCm04EQ3v0mGD","","","","","","","","","","","","","","","","","","","","","","","","","x","x","","","","","x","","",
"Furious","spotify:track:5y4HNzrXHjR2v5XIS769CY","","","","","","","","","","","","","","","","","","","","","","","","","","x","","","","","","","",
"Paparazzi","spotify:track:3FF6jZY1wDHXJUUN18qsLx","","","","","","","","","","","","","","","","","","","","","","","","x","","","","","","","","","",
"Build My Life","spotify:track:3BDpn2Vivr1BFhlGsYs5tp","","","","","","","","","","","","","","","","","","","","","","","","","","x","","x","","","","","",
"Prototype - Original Mix","spotify:track:014LaiZb8vp7XPs4g6jEnb","","","","","","","","","x","","","","","","","","","","","","","","","","","","","","","","","","",
"Yeah, I Said It","spotify:track:3LRiQ984MtAuGKbzH4QSsE","","","","x","","","","","","","","","x","","","","x","x","","","","","","","","","","","","","","","",
"Needed Me","spotify:track:4DoQqJvURKxrPjcskj0IwI","x","x","","","","","","","","","","","","","","","x","","","","","","","","","","","","","","","","",
"Some Nights","spotify:track:6t6oULCRS6hnI7rm0h5gwl","","","","","","","","","","","","","","","","","","","","","","","","x","","","","","","","","","",
"Summer Heat - Radio Mix","spotify:track:1qnveWkOeefToJrPGWRlDg","","","","","","","","","","","","","","","","","","","","","","","","","","","","","x","","","","",
"Spirit Break out (Live)","spotify:track:00Fwo9Ez949l0bd7vR3NOz","","","","","","","","","","","","","","","","","","","","","","","","","","x","","","","","","","",
"전화기를 꺼놔 Turn Off Your Phone (feat. Elo) [Remix]","spotify:track:6RnEQEx7h3QudN9IGkPkBK","","","","","","","","","","","","","","","","","","","","","","","","","","","","","","","x","","",
"String Quartet No. 6 Op.80 in F minor: IV Finale: Allegro molto","spotify:track:0deXpK1mtfbSspvgMOBYya","","","","","","","","","","","","","","","","","","","","","","","","","","","","","","","","","x",
"Speechless","spotify:track:0zwgyuQWHcT3bnClCdnzL2","","","","","","","","","","","","","","","","","","","","","","","","","","","","","x","","","","",
"3005","spotify:track:3Z2sglqDj1rDRMF5x0Sz2R","","","","x","","","","","","","","","","","","","","","x","","","","","","","","","","","","","","",
"Cake By The Ocean","spotify:track:76hfruVvmfQbw0eYn1nmeC","x","","","","","","","","","","","","","","","","","","","","","","","","","","","","","","x","","",
"None But Jesus - Live","spotify:track:4uYT2T92IDM09ISvp9owJ5","","","","","","","","","","","","","","","","","","","","","","","","","","x","","","","","","","",
"Hug Me (feat. Gaeko)","spotify:track:44ZPpfhKk7G2jpEFEeGg51","","","","","","","","","","","","","","","","","","","","","","x","","","","","","","","","","","",
"I Want Your Attention","spotify:track:2jaVZgBaScRc7gjjQORaUB","","x","","x","","","","","","","x","","","","","","","x","","","","","","","","","","","","","","","",
"Stuck Like This","spotify:track:6kf1hKaDWVXjrLgB3ntpXV","x","","","","","","","","","","","","","","","","x","","","","","","","","","","","","","","x","","",
"When You Loved Me Least","spotify:track:0xw1rc3qLpfsWlgtVzwszM","","","","","","","","","","","","","x","","","","x","","","","","","","","","","","","","","","","",
"우아해","spotify:track:4zl6iEb8BqLsvsupqcEsx9","","","","","","x","","","","","","","","","x","","x","","","","","x","","","","","","","","","","","",
"Mention of Your Name","spotify:track:4AyrksLYxy1R8X8IDukI0h","","","","","","","","","","","","","","","","","","","","","","","","","x","x","","x","","","","","",
"Star (rain ver.)","spotify:track:4d8oZY3omAbj6GzhF5U6km","","","x","x","","x","","","","","","","","x","","x","x","","","","","","","","","","","","","","","","",
"Rolls Royce Bitch","spotify:track:0s9Wc5PMMEto8sImSqP4zl","","x","","x","x","","","","","","","","","","","","x","","x","","","","","","","","","","","","","","",
"Scars To Your Beautiful","spotify:track:0prNGof3XqfTvNDxHonvdK","","","","","","","","","","","","","","","","","","","","","","","","","","","","","x","","","","",
"OG Kush Diet","spotify:track:1Qxj5nxpN2zXWYngetSiRi","x","","","","","","","","","","","","","","","","","","","","","","","","","","","","","","","","",
"Slide","spotify:track:7tr2za8SQg2CI8EDgrdtNl","","","","","","","x","","","","","","","","","","","","","","","","","","","","","","","","","","",
"Don’t Like Her","spotify:track:5DZMjcAMca1rT2dD9dYdCg","","","x","","","x","","","","","","","","","","x","","","","","","","","","","","","","","","x","","",
"King Of My Heart","spotify:track:5OAHk4SXmhIjBhtLMVPllV","","","","","","","","","","","","","","","","","","","","","","","","","","x","","","","","","","",
"Cool Girl","spotify:track:6vJ0Fezf6Etha2C4H21FKO","","","","","","","","","","","","","","","","","","","","","","","","","","","","","x","","","","",
"Saviour King - Live","spotify:track:2rffKiXNuFZSFttrvWUWJC","","","","","","","","","","","","","","","","","","","","","","","","","","x","","","","","","","",
"자니 (feat. Dynamicduo)","spotify:track:5qQeKwoqmnc9qAvXjBKITg","","x","","","","x","","","","","","","","x","x","x","x","","","","","","","","","","","","","","","","",
"Fall Afresh","spotify:track:321jLsfufuG8Ot8GsYffdm","","","","","","","","","","","","","","","","","","","","","","","","","","x","","","","","","","",
"Passionfruit","spotify:track:5mCPDVBb16L4XQwDdbRUpz","x","x","","","","","","","","","","","","","","","x","","","","","","","","","","","","","","","","",
"How Great Is Your Love - Live","spotify:track:4707B6flOJWZSBXqqVsvPI","","","","","","","","","","","","","","","","","","","","","","","","","","x","","","","","","","",
"Orion's Belt","spotify:track:0RTnMChwd0ARVY3zOyNdaP","","","","","","","","","","","","","","","","","x","","","","","","","","","","","","","","","","",
"Hey, Soul Sister","spotify:track:0KpfYajJVVGgQ32Dby7e9i","","","","","","","","","","","","","","","","","","","","","","","","x","","","","","","","","","",
"Glorious Day - Live","spotify:track:3QhL4eWBVv64IycG3i9XTb","","","","","","","","","","","","","","","","","","","","","","","","","x","x","","","","","","","",
"Love Came Down","spotify:track:3pMn0rm4LfucRW9rLqDaDC","","","","","","","","","","","","","","","","","","","","","","","","","","x","","","","","","","",
"Fireflies","spotify:track:3DamFFqW32WihKkTVlwTYQ","","","","","","","","","","","","","","","","","","","","","","","","x","","","","","","","","","",
"The Sound","spotify:track:316r1KLN0bcmpr7TZcMCXT","","","","","","","","","","","","","","","","","","","","","","","","","","","","","x","","","","",
"More Than Conquerors","spotify:track:2aUISzQrNA1W0YyMdff48v","","","","","","","","","","","","","","","","","","","","","","","","","","x","","","","","","","",
"Dollar Bill","spotify:track:3dQ71J2HPHXpPqJ0tQdDHR","","","","","","","","","","","","","","","","","","","","","","","","","","","","","x","","","","",
"11:11","spotify:track:093PI3mdUvOSlvMYDwnV1e","","","","","","","","","","","","","","","","","","","","","","x","","","","","","","","","","","",
"How He Loves","spotify:track:0Y4fdLoOsfNljudasWqahb","","","","","","","","","","","","","","","","","","","","","","","","","","x","","x","","","","","",
"Freezing Out","spotify:track:5zSoLBjuet23oufDXSDD3C","","","","","","","","","","","","x","","","","","x","","","","","","","","","","","","","","","","",
"Norf Norf","spotify:track:4uQ7wYsuL0DryknoDc11Hk","","","","x","x","","","","","","","","","","","","","x","x","","","","","","","","","","","","","","",
"Mama Said","spotify:track:5ArQzSBevAdXTxRY6Ulhbq","","","","","","","","","","","","","","","","","","","","","","","","","","","","","x","","","","",
"In The River - Live","spotify:track:2qHScCZ9f4FPBNVBpFMZ0G","","","","","","","","","","","","","","","","","","","","","","","","","","x","","","","","","x","",
"Broken","spotify:track:3NpncOG0HgkKbMAF8DTCma","","","","","","","","","","","","","","","","","","","","","","","","","","","","","x","","","","",
"Spirit Move (Live)","spotify:track:5A4oOhoMLbc5cTXXZ7IWN3","","","","","","","","","","","","","","","","","","","","","","","","","x","x","","","","","x","","",
"Heroes (we could be)","spotify:track:3zU9rdflI65tK4dkkNSp77","","","","","","","","x","","","","","","","","","","","","","","","","","","","","","","","","","",
"Galway Girl","spotify:track:0afhq8XCExXpqazXczTSve","","","x","","","","x","","","","","","","","","","","","","","","","","","","","","","x","","","","",
"Blessings","spotify:track:2VQc9orzwE6a5qFfy54P6e","","x","","x","x","","","","","","","","","","","","","","","","","","","","","","","","","","","","",
"Evidence","spotify:track:3q4dy97oMHXnpk2BTkSni4","","","","","","","","","","","","","","","","","","","","","","","","","","x","","","","","","","",
"Shut Up & Groove (feat. DEAN) [From And July]","spotify:track:1qz2bFE5ZtwZSd6DNed2RJ","","","","","","x","","","","","","","","","","","","","","","","","","","","","","","","","x","","",
"Whatcha Say","spotify:track:67T6l4q3zVjC5nZZPXByU8","","","","","","","","","","","","","","","","","","","","","","","","x","","","","","","","","","",
"I'm On A Boat","spotify:track:3IQSYqnKsCTMLWn2xE3HFT","","","","","","","","","","","","","","","","","","","","","","","","x","","","","","","","","","",
"Mask Off","spotify:track:3rOSwuTsUlJp0Pu0MkN8r8","","x","","x","x","","","","","","","","","","","","","","x","","","","","","","","","","","","","","",
"CAN'T STOP THE FEELING! (Original Song from DreamWorks Animation's "TROLLS")","spotify:track:6JV2JOEocMgcZxYSZelKcc","","","","","","","","","","","","","","","","","","","","","","","","","","","","","x","","","","",
"Make You Memories","spotify:track:5LdinxHId6iNM13wSrgehQ","x","","","","","","","","","","","","","","","","","","","","","","","","","","","","","","x","","",
"Wake - Live","spotify:track:4YK48OgaAKpBEaRS7ZhCuf","","","","","","","","","","","","","","","","","","","","","","","","","","x","","","","","","","",
"Here as in Heaven","spotify:track:0fPwregqch9wLJj4yQH6Bk","","","","","","","","","","","","","","","","","","","","","","","","","","x","","","","","","","",
"Glory to Glory (Live)","spotify:track:3x1pHPNsggVDzRND9Ul3uJ","","","","","","","","","","","","","","","","","","","","","","","","","x","x","","","","","","x","",
"Capsize","spotify:track:4qH3RkbFgzxYyXUD8YC8kr","","","","","","","","","","","","","","","","","","","","","","","","","","","","","x","","","","",
"I Won't Forget","spotify:local:Brian+Johnson:After+All+These+Years:I+Won%27t+Forget:304","","","","","","","","","","","","","","","","","","","","","","","","","","","","","","x","","","",
"The Boy Who Cried Wolf","spotify:track:02KgB1Qyk4PrFweUMGl9NO","","","","","","","","","","","","","","","","x","","","","","","","","","","","","","","","","","",
"Sniffin' my ambition","spotify:track:0aVqrpmZIiBYcCIdbl6AUs","","","","","","","","","","","","","","","","","","","","","","","","","","","","","","","x","","",
"Closer","spotify:track:7BKLCZ1jbUBVqRi2FVlTVw","","","","","","","","","","","","","","","","","","","","","","","","","","","","","x","","","","",
"For Your Glory","spotify:track:7g9uYGCoicUzIsOYGLrMCe","","","","","","","","","","","","","","","","","","","","","","","","","","x","","","","","","","",
"All My Friends","spotify:track:6TaqooOXAEcijL6G1AWS2K","","","","","","","","","","","","","","","","","","","","","","","","","","","","","","","x","","",
"Silhouette","spotify:track:4bU1Jfv68V1Ea9Zro51J2o","","","","","","","","","","","","","","","","","","","","","","","","","","","","","x","","","","",
"Airplanes (feat. Hayley Williams of Paramore)","spotify:track:6lV2MSQmRIkycDScNtrBXO","","","","","","","","","","","","","","","","","","","","","","","","x","","","","","","","","","",
"Resurrecting","spotify:track:1GtmiINnAu5K2VEqyh1Xdc","","","","","","","","","","","","","","","","","","","","","","","","","","x","","x","","","","","",
"My Nigga","spotify:track:27PmKcvsjXp7G1IQgLUkYY","","","","","","","","","","","","","","","","","","","x","","","","","","","","","","","","","","",
"Hard to Love","spotify:track:6KdmNK9MogmGcnO3wNZHhp","x","","","","","","","","","","","","","","","","x","","","","","","","","","","","","","","","","",
"Prophecy - Radio Edit","spotify:track:1GJYujCdZ9Wph3N2siamNz","","","","","","","","x","","","","","","","","","","","","","","","","","","","","","","","","","",
"Here I Bow","spotify:local:Jenn+Johnson:After+All+These+Years:Here+I+Bow:255","","","","","","","","","","","","","","","","","","","","","","","","","","","","","","x","","","",
"You Belong With Me","spotify:track:6mqdunuFFSODHKcpDTFvAj","","","","","","","","","","","","","","","","","","","","","","","","x","","","","","","","","","",
"Frustrated","spotify:track:1w8nksNi74s1PlypOWbJnt","x","","","","","","","","","","","","","","","","","","","","","","","","","","","","","","","","",
"When I'm with you (feat. Brother Su)","spotify:track:43zmTG58HoGNUWYFaeiId5","","","","","","","","","","","","","","","","","","","","","","x","","","","","","","","","x","","",
"Tell Me","spotify:track:5PBGKdQ2fnMw1zlMP7XtVM","x","x","","","","","","","","","","","","","","","","","","","","","","","","","","","","","","","",
"Lucky","spotify:track:0IktbUcnAGrvD03AWnz3Q8","","","","","","","","","","","","","","","","","","","","","","","","x","","","","","","","","","",
"Dangerous Woman","spotify:track:7l94dyN2hX9c6wWcZQuOGJ","","","x","","","","x","","","","","","","","","","","","","","","","","","","","","","","","x","","",
"At All","spotify:track:124MaSOWcH8osvjBmftJ9x","x","","","","","","","","","","","","","","","","","","","","","","","","","","","","","","","","",
"This Is Amazing Grace","spotify:track:1Yior1DCcHHKJkmgjWwdKf","","","","","","","","","","","","","","","","","","","","","","","","","","x","","","","","","x","",
"Greater Than All Other Names","spotify:local:Brian+Johnson:After+All+These+Years:Greater+Than+All+Other+Names:336","","","","","","","","","","","","","","","","","","","","","","","","","x","x","","x","","x","","","",
"머리 세웠어 Tonight (feat. Junggigo)","spotify:track:26sBdyEf8OUuRaOVRxGFLM","","x","","x","","","","","","x","","x","","","x","","","","","","","","","","","","","","","","","","",
"Dance","spotify:track:45thYc6JM37tzf4e55Oq25","","","","","","x","","","","","","","x","","","","x","","","","","","","","","","","","","","","","",
"Let Me Hold You (Turn Me On)","spotify:track:72xvRETEsd5hS1RfduciRi","","","","","","","","","","","","","","","","","","","","","","","","","","","","","x","","","","",
"in my miNd","spotify:track:0ckCyt1ghA2YpcLRm1q68s","","","","","","","","","","","","","","","","","","","","","","","","","","","","","x","","","","",
"What Do I Know?","spotify:track:2pJZ1v8HezrAoZ0Fhzby92","","x","","x","","","","","","","","","","","","","","","","","","","","","","","","","","","","","",
"Where You Are - Live","spotify:track:7lNhhqpR7cKdPN6NO8ToLt","","","","","","","","","","","","","","","","","","","","","","","","","","x","","","","","","","",
"Show Me Your Glory - Live","spotify:track:72ZDmJbqHF9UQzFCBkw78R","","","","","","","","","","","","","","","","","","","","","","","","","","x","","x","","","","","",
"Door Swangin","spotify:track:71DiuXGizHqLPTdzCY6ND6","x","","","","","","","","","","","","","","","","","","","","","","","","","","","","","","","","",
"Latch","spotify:track:1BltsyC5W3SAABdxyrDXwi","","","","x","x","","","","","x","","","","","x","","","","","","","","","","","","","","","","","","",
"Confidently Lost","spotify:track:3cQmqM0awej9iAESjhKrI9","x","x","","","","","","","","","","","x","","x","","x","","","","","","","","","","","","","","","","",
"The Anthem - Original Key With Background Vocals","spotify:track:3AgJDqDQ3ZedBQMlOmL2w2","","","","","","","","","","","","","","","","","","","","","","","","","","x","","","","","","","",
"This I Believe (The Creed) - Live","spotify:track:4Hrr4U80Rk1tWXlP8RFTAb","","","","","","","","","","","","","","","","","","","","","","","","","x","","","","","","","","",
"Body Party","spotify:track:0rFZaQ4crlGAzuCjWCQ2xu","","","x","","","","","","","","","","x","","","","x","","","","","","","","","","","","","","x","","",
"Whole Heart","spotify:track:4Z1t1aMRif8ES212kTN8H2","","","","","","","","","","","","","","","","","","","","","","","","","","","","","x","","","","",
"Attention","spotify:track:4iLqG9SeJSnt0cSPICSjxv","","","x","","","","","","","","","","","","","","","","","","","","","","","","","","","","","","",
"We Will Not Be Shaken (Live)","spotify:track:6dMVt3eEucCuzaGfZ527p2","","","","","","","","","","","","","","","","","","","","","","","","","","x","","x","","","","","",
"Too Good","spotify:track:3BtuIIrQlkujKPuWF2B85z","","","x","","","","","","","","","","","","x","","x","","","","","","","","","","","","","","","","",
"I Can't Believe","spotify:track:6r0azdlSgUt66F36H6nZPA","","","","","","","","","","","","","","","","","","","","","","","","","","x","","","","","","","",
"Piano Sonata No. 4 in C Minor, Op. 29: I. Allegro molto sostenuto","spotify:track:7ifQguIxI2bXQk1uvE6kp4","","","","","","","","","","","","","","","","","","","","","","","x","","","","","","","","","","",
"After All These Years","spotify:local:Brian+Johnson:After+All+These+Years:After+All+These+Years:278","","","","","","","","","","","","","","","","","","","","","","","","","x","x","","x","","x","","","",
"Forever Reign - Live","spotify:track:1g1nrHQqZqbODkv8LRoged","","","","","","","","","","","","","","","","","","","","","","","","","x","x","","","","","","","",
"Came To The Rescue - Live","spotify:track:0yyTj3fGBIrgJemUo3WD74","","","","","","","","","","","","","","","","","","","","","","","","","","x","","x","","","","","",
"Escape","spotify:track:4vNWSeEhlyIlB9ur17x1S4","","","x","x","x","","","x","","","x","","","","","","","","","","","","","","","","","","","","","","",
"So in Love","spotify:track:6XxFE6bBycddGK0maWn0Pa","","","","","","","","","","","","x","","","x","","x","","","","","","","","x","x","","","","","","","",
"Need U (feat. Dok2)","spotify:track:3Pw8P4gvYSDncImf4v84kI","","","","","","","","","","","","","","","","","x","","","","","","","","","","","","","","x","","",
"Summer Friends (feat. Jeremih & Francis & The Lights)","spotify:track:2fl0B0OaXjWbjHCQFx2O8W","","","","","","","","","","","","","","","","x","","","","","","","","","","","","","","","","","",
"Fresh Eyes","spotify:track:4nMlau89VAjmV7agkl7OY3","","","","","","","","","","","","","","","","","","","","","","","","","","","","","x","","","","",
"Extravagant (Live)","spotify:track:1LieRwFB0OI3wWGvI71DuX","","","","","","","","","","","","","","","","","","","","","","","","","x","x","","","","","","","",
"The Lazy Song","spotify:track:1ExfPZEiahqhLyajhybFeS","","","","","","","x","","","","","","","","","","","","","","","","","","","","","","","","","","",
"Hosanna","spotify:track:5VlojXyAGM1q9ke2ybxrVT","","","","","","","","","","","","","","","","","","","","","","","","","","x","","","","","","","",
"Okey Dokey","spotify:track:1R6qeTvAvaxB7hydIYVIY8","","","x","","","x","","","","","","","","","","","","","","","","","","x","","","","","","","","","",
"Gold","spotify:track:6WhzFzROw3aq3rPWjgYlxr","","","","","","","","","","","","","","","","","","","","","","","","","","","","","x","","","","",
"She's A Bad Mama Jama (She's Built, She's Stacked)","spotify:track:7KEguG3CDoestm50v6XET5","","x","","x","","","","","","x","x","","","","x","","","","","","","","","","","","","","","","","","",
"Death Was Arrested","spotify:track:1qYHmEjR1WcEG50T1HMlqH","","","","","","","","","","","","","","","","","","","","","","","","","","x","","","","","","","",
"Feels","spotify:track:6BaCraQ9xeLYg4Sb9TBT2X","","","","x","","","","","","x","","","","","","","","","","","","","","","","","","","","","","","",
"Higher","spotify:track:2Kpoeflreypc9B2iQeawu2","","","","","","","","","","","","","","","","","","","","","","","","","","","","","x","","","","",
"Hold On","spotify:track:66P8MvPsqu5sN0UgzLYZrf","","","","","","","x","","","","","","","","","x","","","","","","","","","","","","","","","x","","",
"Presence Power Glory (feat. Becky Lucas)","spotify:track:21jJ9Y8RX6DWC6J0WVwrsu","","","","","","","","","","","","","","","","","","","","","","","","","","x","","","","","x","","",
"Flat Shoes","spotify:track:7ECMAWP6CbhodlgQj2bdBd","","","","","","","","","","","","","","","","","","","","","","x","","","","","","","","","","","",
"One Thing Remains","spotify:track:0nQGfkhI2n3KlcJomfWnyx","","","","","","","","","","","","","","","","","","","","","","","","","x","x","","","","","","","",
"Uptown Funk","spotify:track:4rmPQGwcLQjCoFq5NrTA0D","","","","","","","","","","","","","","","","","","","","","","","","x","","","","","","","","","",
"He Is Faithful","spotify:track:4G7E7UYS0HUlioZUk9ltvW","","","","","","","","","","","","","","","","","","","","","","","","","","x","","","","","","","",
"I Miss You","spotify:track:3SfbB0Y3saMIQnNctxMVhj","","","","","","x","","","","","","","","","","","","","","","","","","","","","","","","","x","","",
"Mention of Your Name","spotify:local:Jenn+Johnson:After+All+These+Years:Mention+of+Your+Name:330","","","","","","","","","","","","","","","","","","","","","","","","","","","","","","x","","","",
"Rollin","spotify:track:0lMbuWUpfTWhEmOKxppEau","x","x","","","","","","","","","","","","","x","","","","","","","","","","","","","","","","","","",
"No Problem (feat. Lil Wayne & 2 Chainz)","spotify:track:0v9Wz8o0BT8DU38R4ddjeH","","x","","","","","","","","","","","","","","","","","x","","","","","","","","","","","","","","",
"Say So","spotify:track:0zc5M341pYOspaqf7SXW9p","","","","","","","","","","","","","","","","","","","","","","","","","","","","","x","","","","",
"Broccoli","spotify:track:0qy5D3OJre7SPJNMOL9I71","","","","","","","","","","","","","","","","","","","x","","","","","","","","","","","","","","",
"Sometimes","spotify:track:2bcnJLFGLgXTeMkbX2XL1A","x","x","","","","x","","","","","","","","","","x","x","","","","","","","","","","","","","","x","","",
"String Quartet No. 6 Op.80 in F minor: II Allegro assai","spotify:track:0IyGHPrmMBLPZZ7Nrc9wAg","","","","","","","","","","","","","","","","","","","","","","","","","","","","","","","","","x",
"Ever Be (Live)","spotify:track:2vNY0WQo5xtwQPYnuPlwEB","","","","","","","","","","","","","","","","","","","","","","","","","x","x","","x","","","","","",
"Public Service Announcement","spotify:track:5jfuP1s5gLc0U0mKzMRFmw","","","","","","","","","x","","","","","","","","","","","","","","","","","","","","","","","","",
"Be Enthroned (Live)","spotify:track:3OzQn19XAveO8ZbKH1YPOA","","","","","","","","","","","","","","","","","","","","","","","","","x","x","","","","","","","",
"Super Far","spotify:track:74ODGXs4byLTRdnKGM4s6E","","","","","","","x","","","","","","","","","","","","","","","","","","","","","","","","","","",
"No Longer Slaves (Live)","spotify:track:63SF10lPoWA71bDYYzxfUs","","","","","","","","","","","","","","","","","","","","","","","","","","x","","x","","","","","",
"The Stand - Live","spotify:track:7HdvPclBiBpuUzpERTYfxK","","","","","","","","","","","","","","","","","","","","","","","","","","x","","x","","","","","",
"Be Still","spotify:track:367yPvrZCiD6vHvOZqLO8V","","","","","","","","","","","","","","","","","","","","","","","","","","x","","x","","","","","",
"The Worst","spotify:track:2wBCrtJS3E3TimRZ5MElTI","","","","","","","","","","","","","","","","","x","","","","","","","","","","","","","","","","",
"Perfect Strangers","spotify:track:1Te8WIfLudxjHTr66BL0JK","","","","","","","","","","","","","","","","","","","","","","","","","","","","","x","","","","",
"Good Good Father (feat. Georgie Wilkins)","spotify:track:3Hmk3VPZduikJ5o3KLNlNK","","","","","","","","","","","","","","","","","","","","","","","","","","x","","","","","","","",
"Three Little Birds","spotify:track:1P49MJhU5vzttesFxw3dOM","","","","","","","","","","","","","","","","","","","","","","","","x","","","","","","","","","",
"Your Love Never Fails","spotify:track:39bVeSE8K5yBLsxAE8saqU","","","","","","","","","","","","","","","","","","","","","","","","","","x","","","","","","","",
"You, Clouds, Rain (feat. Shin Yong Jae)","spotify:track:6FZAc2XaVYc8G8jaDnBshv","","","x","","","x","","","","","","","","x","","x","x","","","","","","","","","","","","","","","","",
"While We're Young","spotify:track:3ka2h8SBnCRrnQcdv1D7OO","","","","","","","","","","","","","","x","","","x","x","","","","","","","","","","","","","x","","",
"Sing a Song","spotify:track:5W5FVsgGCe3T9nIMkiXqNo","","x","","","","","","","","x","","","","","","","","","","x","x","","","","","","","","","","","","",
"Come Awaken Love","spotify:track:0R5KaY0MeJP9R0ab2jre0j","","","","","","","","","","","","","","","","","","","","","","","","","x","x","","","","","","","",
"Swimming Pools (Drank) - Extended Version","spotify:track:5ujh1I7NZH5agbwf7Hp8Hc","x","x","","","","","","","","","","","","","","","","","","","","","","","","","","","","","","","",
"Defying Gravity (Glee Cast Version)","spotify:track:0GtFgR54C5c6JMR998K6NT","","","","","","","","","","","","","","","","","","","","","","","","x","","","","","","","","","",
"童話","spotify:track:4fjCxEyqYK4rorwQeWqvej","","","","","","","","","","","","","","","","","","","","","","","","x","","","","","","","","","",
"O Come to the Altar","spotify:track:1lEk3U3MzbDeL5MNHkE9JU","","","","","","","","","","","","","","","","","","","","","","","","","","x","","","","","","","",
"Come Over","spotify:track:7LN1f9jAIu7yxBzsLMN7RB","","","","","","","","","","","","","","","","","x","","","","","","","","","","","","","","x","","",
"Real Love - Studio Version","spotify:track:0epQ2DrozCuhE2Q7ZRtF2h","","","","","","","","","","","","","","","","","","","","","","","","","","x","","","","","","","",
"Awake","spotify:track:1vb8OYQTBdIbyufpxiq8iY","","","","","","","","","","","","","","","","","","","","","","","","","","x","","","","","","","",
"Carry Me","spotify:track:3FZEv9JddkjHNFiMVxJYpS","","","","","","","","","","","","","","","","","","","","","","","","","","","","","x","","","","",
"God With Us - Live","spotify:track:0sxpn3o5wZgLX0LeATItPW","","","","","","","","","","","","","","","","","","","","","","","","","","x","","","","","","","",
"Hymn For The Weekend - Seeb Remix","spotify:track:6s3GEN8wK0OMzzzZbXj0fu","","","","","","","","","","","","","","","","","","","","","","","","","","","","","x","","","","",
"Be Like You","spotify:track:1w59KTZidiW3NN0FA7xVGZ","","","","","","","","","","","","","","","","","","","","","","","","","","","","","x","","","","",
"Blow","spotify:track:4nX11Rjdh7AuM8Ezb73m1R","","","","","","","","x","","","","","","","","","","","","","","","","","","","","","","","","","",
"It Is Well (Live)","spotify:track:5t0izTLPeWYLiIfHPJbORJ","","","","","","","","","","","","","","","","","","","","","","","","","","x","","x","","","","","",
"DNA.","spotify:track:6HZILIRieu8S0iqY8kIKhj","","x","","","","","","","","","","","","","","","","x","x","","","","","","","","","","","","x","","",
"Unstoppable God","spotify:track:7myOvrlSOO7VIyd7JQnSU0","","","","","","","","","","","","","","","","","","","","","","","","","","x","","","","","","","",
"Set Apart - Live","spotify:track:7sW4EIXiekipVtCcIiAqjL","","","","","","","","","","","","","","","","","","","","","","","","","","x","","","","","","","",
"On & On (feat. Lee Hi)","spotify:track:2fC4olmcp1E6bVl3PUUUcf","x","x","","","","","","","","","","","","","x","","x","","","","","","","","","","","","","","x","","",
"You Are Good","spotify:track:35OVZun4sxZCUrvTD8q5od","","","","","","","","","","","","","","","","","","","","","","","","","","x","","","","","","","",
"You're Gonna Be Ok","spotify:local:Jenn+Johnson:After+All+These+Years:You%27re+Gonna+Be+Ok:218","","","","","","","","","","","","","","","","","","","","","","","","","","","","","","x","","","",
"OMG","spotify:track:3r04p85xiJh9Wqk59YDYdc","","","","","","","","","","","","","","","","","","","","","","","","x","","","","","","","","","",
"Oceans (Where Feet May Fail)","spotify:track:5Mw9bXG1dLNhbjofkVS2oR","","","","","","","","","","","","","","","","","","","","","","","","","","x","","","","","","","",
"Spirits","spotify:track:5U1eDhGNl6uUQThJ4nBm7z","","","","","","","","","","","","","","","","","","","","","","","","","","","","","x","","","","",
"All Star","spotify:track:3cfOd4CMv2snFaKAnMdnvK","","","","","","","","","","","","","","","","","","","","","","","","x","","","","","","","","","",
"When I Was Your Man","spotify:track:0nJW01T7XtvILxQgC5J7Wh","","","x","","","","x","","","","","","","","","","","","","","","","","","","","","","","","x","","",
"Silver Lined Clouds","spotify:track:76a2uJpC2P3GlUQRweNhpQ","","x","","x","","","","","","x","","","","x","","","","","","","x","","","","","","","","","","","","",
"Say It Again","spotify:track:5Uf3fYik5L7n59ZB1uAKLW","x","","","","","","","","","","","","","","x","","x","","","","","","","","","","","","","","","","",
"Jordan Belfort","spotify:track:6qMXubogFdMrvVMJwqATzd","","","","","","","","","","","","","","","","","","","","","","","","x","","","","","","","","","",
"How Great Is Our God","spotify:track:21FMXf1lXFEagQpSY67k3m","","","","","","","","","","","","","","","","","","","","","","","","","","x","","x","","","","","",
"Deep Cries Out","spotify:track:3uWOS5d4UBE62UwvzvZNPF","","","","","","","","","","","","","","","","","","","","","","","","","","x","","","","","","","",
"You Have Won Me","spotify:track:57YinY4H94ImOMJdKT7fI7","","","","","","","","","","","","","","","","","","","","","","","","","","x","","","","","","x","",
"Came To My Rescue - Live","spotify:track:5CS7mALLELFaqSd84jhLuE","","","","","","","","","","","","","","","","","","","","","","","","","","","","","","","x","","",
"untitled 05 | 09.21.2014.","spotify:track:3V8vWoCbKbfjNrPaQ4YtSg","","","","","","","","","","","","x","","","","","","x","","","","","","","","","","","","","","","",
"Aloha","spotify:track:4uNDs2TBsv2KX9b4LIxfdt","","","","","","","","","","","","","","","","","","","","","","","","","","","","","x","","","","",
"Dark clouds (feat. nafla)","spotify:track:3xDYVkGV8EDDRwzyDH1a6p","","x","","x","x","x","","","","","","x","","x","x","","x","","","","","","","","","","","","","","","","",
"Mighty To Save","spotify:track:1tvwBvLun5paMzlwaW8q1q","","","","","","","","","","","","","","","","","","","","","","","","","","x","","","","","","","",
"You are so beautiful","spotify:track:2nJDePK69THatYkjkjQFE8","","","","","","x","","","","","","","","","","","","","","","","","","","","","","","","","","","",
"Sweet Praise (Spontaneous) [Live]","spotify:track:6SsrqsqJp8kuuQstkJ6et2","","","","","","","","","","","","","","","","","","","","","","","","","","x","","","","","","","",
"Break Every Chain","spotify:track:1Zwhf8jesjm1Akp9GjLA1P","","","","","","","","","","","","","","","","","","","","","","","","","","x","","","","","","","",
"Lose Yourself - Soundtrack Version","spotify:track:5Z01UMMf7V1o0MzF86s6WJ","","","","","","","","","","","","","","","","","","","x","","","","","","","","","","","","","","",
"That's What I Like","spotify:track:0KKkJNfGyhkQ5aFogxQAPU","x","","","","","","","","","x","","","","","","","","","","","","","","","","","","","","","x","","",
"Faithful to the End (Live)","spotify:track:2PWKhQia1XwYTSMH7H5ehB","","","","","","","","","","","","","","","","","","","","","","","","","","x","","","","","","","",
"When You Walk Into The Room","spotify:track:22wEdAfAi35HqfNBCRzaz4","","","","","","","","","","","","","","","","","","","","","","","","","","x","","","","","","","",
"in the car","spotify:track:6l1Kap5VnbyqjvC7egGAvM","","","","","","","","","","","","","","","x","","","","","","","","","","","","","","","","","","",
"Lil' Love Song","spotify:track:6AkjOP1lqsbs6S4s9ASdDb","x","","","","","","","","","","","","","","","","","","","","","","","","","","","","","","","","",
"Can't Love You Anymore (With OHHYUK)","spotify:track:5MvxeZPiiLAuB5gI8k3ynk","","x","","x","","x","","","","","","","","","","x","x","","","","","","","","","","","","","","x","","",
"Revelation Song - feat. Kari Jobe","spotify:track:3GhpKfHi4edoVM31Uc5P9F","","","","","","","","","","","","","","","","","","","","","","","","","x","x","","","","","","","",
"Thinking ‘Bout You (Sleepless In Cairo)","spotify:track:6FmswdEnn2WK6T8GV5fFKS","x","","","","","","","","","","","","","","x","","x","","","","","","","","","","","","","","","","",
"Praises (Be Lifted Up) [Live]","spotify:track:1yBgQvfWx2uEgUq7La0yoQ","","","","","","","","","","","","","","","","","","","","","","","","","x","x","","x","","","","","",
"Alive - Live","spotify:track:15Xg6XiDSrehKfy33CR5UW","","","","","","","","","","","","","","","","","","","","","","","","","","x","","","","","","","",
"For the One","spotify:local:Jenn+Johnson:After+All+These+Years:For+the+One:248","","","","","","","","","","","","","","","","","","","","","","","","","x","x","","x","","x","","","",
"Keep The Faith","spotify:track:33RKGVnB3zWdvHwTpq4ApA","","x","","","","","","","","","","x","","","x","","x","","","","","","","","","","","","","","","","",
"One Dance","spotify:track:12VWzyPDBCc8fqeWCAfNwR","","","","","","","","","","","","","","","","","","","","","","","","","","","","","x","","","","",
"Unsteady","spotify:track:7lGKEWMXVWWTt3X71Bv44I","","","","","","","","","","","","","","","","","","","","","","","","","","","","","x","","","","",
"S.I.D.","spotify:track:3RJjFMiqWv6QrGWALr2OcJ","x","","","","","","","","","","","","","","","","","","","","","","","","","","","","x","","","","",
"How Great (feat. Jay Electronica & My cousin Nicole)","spotify:track:0OT0cCKbSmSMRvyWeqEFBq","x","x","","","","","","","","","","","","","","","","","","","","","","","","","","","","","","","",
"D (Half Moon)","spotify:track:3uA8SjMyDtwtt0jLPMQbVD","","","x","","","x","","","","","","","","x","x","","","","","x","","","","","","","","","","","","","",
"Wild Thoughts","spotify:track:45XhKYRRkyeqoW3teSOkCM","x","","","","","","","","","","","","","","","","","","","","","","","","","","","","","","","","",
"And July (feat. DEAN & DJ Friz)","spotify:track:0Yz3F0UGDibDe8uU69zmjn","","","x","","","x","","","","","","","","","x","","x","","","","","","","","","","","","","","","","",
"Lion and the Lamb (Live)","spotify:track:6qJzFn1uLtIPb2J7c8Opy3","","","","","","","","","","","","","","","","","","","","","","","","","x","x","","","","","","x","",
"Dependente","spotify:track:4FuigzwT3aWtb5NC2reJZ0","","x","","x","","","","","","","","x","","x","x","","x","","","x","","","","","","","","","","","","","",
"Where You Are (Live)","spotify:track:0ttGekhJiRgUntY34isdm9","","","","","","","","","","","","","","","","","","","","","","","","","","x","","x","","","","","",
"In My Head","spotify:track:5BoIP8Eha5hwmRVURkC2Us","","","","","","","","","","","","","","","","","","","","","","","","x","","","","","","","","","",
"The Weekend","spotify:track:6gU9OKjOE7ghfEd55oRO57","x","","","","","","","","","","","","","","","","","","","","","","","","","","","","","","x","","",
"Cornerstone - Live","spotify:track:5KTJJnSs2H1p5SaBXsG0Hb","","","","","","","","","","","","","","","","","","","","","","","","","x","x","","","","","","","",
"Set a Fire","spotify:track:3LSna6W1dRf2QbsUgmRoFf","","","","","","","","","","","","","","","","","","","","","","","","","","x","","","","","","","",
"Love of My Life","spotify:track:54hPigwk5o6eo5vHNhjS7r","","","","","","","","","","","","","","","","","","","","","","","","","","","","","","","x","","",
"Save Myself","spotify:track:6TIU9Ehmi6dMzZK73Ym4yj","x","","x","","","","","","","","","","","","","","","","","","","","","","","","","","","","","","",
"Make It To Me","spotify:track:2uCMaUojwuqr8CRGsLoPa6","","","","","","","x","","","","","","","","","","","","","","","","","","","","","","","","x","","",
"boy","spotify:track:3BGf6TuypocUgbtBJBoT3K","","","","","","x","","","","","","","x","","","","x","","","","","","","","","","","","","","","","",
"Jesus, We Love You (Live)","spotify:track:6imkvepCHheIMhxdbxp53M","","","","","","","","","","","","","","","","","","","","","","","","","x","x","","","","","","x","",
"Put My Hands On You","spotify:track:08bhA1FcwVfyE6RBwdsMFP","x","","x","","","x","","","","","","","","","","","","","","","","","","","","","","","","","","","",
"Only Jesus","spotify:local:Brian+Johnson:After+All+These+Years:Only+Jesus:293","","","","","","","","","","","","","","","","","","","","","","","","","x","x","","x","","x","","","",
"Consuming Fire - Live","spotify:track:0S4tEkNiFUlDoBigjTNmJe","","","","","","","","","","","","","","","","","","","","","","","","","","x","","","","","","","",
"Don't Come Back(feat. Yong Jun Hyung)","spotify:track:5eYNVMkqUDaZMGSXhwaO2O","","","x","","","x","","","","","","","","x","","x","","","","","","","","","","","","","","","","","",
"Fierce - Live","spotify:track:4VS6PK5bVEBtEt4lLvLYoi","","","","","","","","","","","","","","","","","","","","","","","","","","x","","","","","","x","",
"Please Don't Go","spotify:track:3cNjgVBKTJ1SvKhunrCdVy","","","","","","","","","","","","","","","","","","","","","","","","","","","","","x","","","","",
"This One Thing","spotify:track:0Ek6HUyPABYEP9yyI2dDZy","","","","","","","","","","","","","","","","","","","","","","","","","","x","","","","","","","",
"Jesus I Come","spotify:track:1pyv4TvmufPTYOFQFWMXOF","","","","","","","","","","","","","","","","","","","","","","","","","","x","","x","","","","","",
"I Don't Want","spotify:track:4bRniHgokYQNWeFTbkLIos","x","","x","","","x","","","","","","","","","","x","","","","","","","","","","","","","","","x","","",
"DonaldTrumpMakesMeWannaSmokeCrack","spotify:track:0gfmYDvAZxOl6jXk1N9Fwy","","","","","","","","","","","","","","","","","","","","","","","","","","","","","x","","","","",
"Birds & Bees","spotify:track:5cikVJA2ExOI9TTkC06vkN","","","","","","","","","","","","","","","","","","","x","","","","","","","","","","","","","","",
"Kill Em With Kindness","spotify:track:1QNoKVgA758HFLu3TW2q7R","","","","","","","","","","","","","","","","","","","","","","","","","","","","","x","","","","",
"Nothin' but a 'G' Thang (Originally Performed By Dr. Dre feat. Snoop Dogg) [Instrumental Version]","spotify:track:0psDiMIMASVBWbSEasO4zM","","","","","","","","","","","","","","","","","","","","","","","","","","","x","","","","","","",
"Lay You Down","spotify:track:1Sp1LFLClX5yV7a9f2yftO","","","","","","","","","","","","","x","","","","","x","","","","","","","","","","","","","","","",
"You Make Me Brave (Live)","spotify:track:345RHjiEdIVedsxtiwGG7t","","","","","","","","","","","","","","","","","","","","","","","","","","x","","","","","","x","",
"bath","spotify:track:2X952hf330aokLDk64K0IM","","x","","","","x","","","","","","","x","","","","x","x","","","","","","","","","","","","","","","",
"Real Love - Live","spotify:track:6v3PrrpKQaXfQior1K7Zi2","","","","","","","","","","","","","","","","","","","","","","","","","","x","","","","","","","",
"Too Good","spotify:track:7fJtPlEZKxu6gvkfBFc5tW","","","","","","","","","","","","","","","","","","","","","","","","","","","","","x","","","","",
"Redbone","spotify:track:3kxfsdsCpFgN412fpnW85Y","","","","","x","","x","","","","","","","","","","x","","","","","","","","","","","","","","","","",
"Thunder and Lightning","spotify:track:16ezutuyRsAwKKSoozqZ1K","","","","","","","","","","","","","","","","x","","","","","","","","","","","","","","","","","",
"September","spotify:track:0eEncOnmSHqnm1sgXsjUSA","","","","","","","","","","x","","","","","","","","","","","x","","","","","","","","","","","","",
"Fullness","spotify:track:5UqyM8fDp1hAAvcb83TS7B","","","","","","","","","","","","","","","","","","","","","","","","","","x","","","","","","","",
"Chasing You","spotify:track:4r853Y0lzTsV4rrdE8eYvf","","","","","","","","","","","","","","","","","","","","","","","","","x","","","","","","","","",
"Gz And Hustlas (feat. Nancy Fletcher)","spotify:track:1dizvxctg9dHEyaYTFufVi","","x","","x","","","","","","x","","","","","","","","","x","","","","","","","","","","","","","","",
"Good Drank","spotify:track:39pS70eeDvyCAF3t8NAlVV","x","","","","","","","","","","","","","","","","","","","","","","","","","","","","","","","","",
"String Quartet No. 6 Op.80 in F minor: I Allegro vivace assai","spotify:track:5N0dvd3QQhdal4mk8cUYm5","","","","","","","","","","","","","","","","","","","","","","","","","","","","","","","","","x",
"Talk Dirty (feat. 2 Chainz) - TJR Remix","spotify:track:22r0HoAyCPma3BhIA8NDj4","","","","","","","","","","","","","","","","","","","","","","","","x","","","","","","","","","",
"This One's For You (feat. Zara Larsson) - Official Song UEFA EURO 2016","spotify:track:46NBoIAHrmR7qcUGCIFEjR","","","","","","","","","","","","","","","","","","","","","","","","","","","","","x","","","","",
"First Fuck","spotify:track:1u4orOe6gYxeE9xKpv11Qi","","","","","","","","","","","","","x","","","","x","","","","","","","","","","","","","","","","",
"Promises","spotify:track:4ThyHM57HG7pnLudis9b0M","x","x","","","","","","","","","","","","","","","x","","","","","","","","","","","","","","","","",
"Build Your Kingdom Here","spotify:track:0yqWOXyvDtC2ol1Idz8r8J","","","","","","","","","","","","","","","","","","","","","","","","","","x","","","","","","x","",
"This Is What You Do","spotify:track:07a6b9l8GJPXxWERbG9lX8","","","","","","","","","","","","","","","","","","","","","","","","","x","x","","","","","","","",
"Yellow","spotify:track:4Hj5yNHgu2dyrnzRQN7Gld","","","","x","x","","","","","","","","","","","","","x","x","","","","","","","","","","","","","","",
"Die Trying","spotify:track:5JTAGruCIDyRLhKLwFkTnS","","","","","","","","","","","","","","","","","x","","","","","","","","","","","","","","","","",
"Great Are You Lord - Live","spotify:track:4raGCYqMOIn8n9bgQJSNxk","","","","","","","","","","","","","","","","","","","","","","","","","","x","","","","","","","",
"Your Love Awakens Me","spotify:track:6NCnzdNWBt9kxipKLM9whb","","","","","","","","","","","","","","","","","","","","","","","","","x","x","","","","","","","",
"Ordinary Love","spotify:track:1enx9LPZrXxaVVBxas5rRm","","","","","","","","","","","","","","","","","","","","","","x","","","","","","","","","x","","",
"Palette (Feat. G-DRAGON)","spotify:track:3y7ByLZ05tluscOTRgEJ9Y","x","","x","","","x","","","","","","","","","","x","","","","","","","","","","","","","","","","","",
"Broken Roots","spotify:track:6UKQqrX26fiwC6ab7Subn2","x","","","","","","","","","","","","","","x","","x","","","","","","","","","","","","","","","","",
"Piano Sonata No. 1 in F Minor, Op. 1","spotify:track:59yy8khDKHxJGiSwdqR3fO","","","","","","","","","","","","","","","","","","","","","","","x","","","","","","","","","","",
"The Anthem (Full Song) - Live","spotify:track:59MFTSM7OjU5KrXMvgdy0H","","","","","","","","","","","","","","","","","","","","","","","","","","x","","","","","","","",
"X (Feat. LEEHI)","spotify:track:7Irqm1etxQfjqBDooIdQ3U","","x","","","","x","","","","","","","x","","x","","x","","","","","","","","","","","","","","x","","",
"untitled 06 | 06.30.2014.","spotify:track:4M2t7bP4Mq87mGMn0PObUX","x","","","","","","","","","","","","","","","","","","","","","","","","","","","","","","","","",
"Hello Ego","spotify:track:2kt06ZsD735FYBZO8yAAQs","x","","","","","","","","","","","","","","","","x","","","","","","","","","","","","","","","","",
"run this shit","spotify:track:4ed1s1IEfZFrIm6hFyltue","x","x","","","","","","","","","","","","","","","","","x","","","","","","","","","","","","","","",
"Shape of You","spotify:track:0FE9t6xYkqWXU2ahLh6D8X","","","","","","","x","","","","","","","","","","","","","","","","","","","","","","","","","","",
"Jesus At The Center - Studio Version","spotify:track:59WwGOhDn3kV0elqS0Cxv6","","","","","","","","","","","","","","","","","","","","","","","","","","x","","","","","","","",
"Gravity","spotify:local:Jenn+Johnson:After+All+These+Years:Gravity:315","","","","","","","","","","","","","","","","","","","","","","","","","","","","","","x","","","",
"Otherside","spotify:track:3jBfstouj0Me6KvwNOafa6","","","","","","","","x","","","","","","","","","","","","","","","","","","","","","","","","","",
"24K Magic","spotify:track:2gFvRmQiWg9fN9i74Q0aiw","","","","","","","","","","","","","","","","","","","","","","","","","","","","","x","","","","",
"Days Ain't Done","spotify:track:5EE6rfQawU1m3AH8rGTzl2","","","","","","","","","","","","","","","","","","","","","","","","","","","","","","","x","","",
"The Dope Man","spotify:track:0DmRZ9aKPOOPm0p67SGFVe","","","","","","","","","","","","","","","","","","","x","","","","","","","","","","","","","","",
"Pour Up","spotify:track:2p980qlVXYLh3HdHusbhfa","x","","x","","","x","","","","","","","","","","","","","","","","","","","","","","","","","","","",
"Uptown Funk","spotify:track:32OlwWuMpZ6b0aN2RZOeMS","x","","","","","","","","","x","","","","","","","","","","","","","","","","","","","","","","","",
"Every Kind Of Way","spotify:track:71AaGUlQ7I5dRgDEQpdnI4","","","","","","","","","","","","","x","","","","x","","","","","","","","","","","","","","","","",
"By Your Side (feat. Jinbo)","spotify:track:06BdAxmImqSbjDO5leees4","","","","","","","","","","","","","","","","","","","","","","","","","","","","","","","x","","",
"The Other","spotify:track:3ZD3kjn80pQ9keYO8eqp9d","x","","","","","","","","","","","","","","","","","","","","","","","","","","","","","","","","",
"Nothing but a G Thang - Instrumental","spotify:track:7lIp0lumfJ9obbXqKpxoLJ","","","","","","","","","","","","","","","","","","","","","","","","x","","","","","","","","","",
"Belong To You","spotify:track:6tsbOXcP0OWGsYBOFrbRIR","","x","","","","","","","","","","","x","","","","x","x","","","","","","","","","","","","","","","",
"Love Galore","spotify:track:0q75NwOoFiARAVp4EXU4Bs","x","","","","","","","","","","","","","","","","","","","","","","","","","","","","","","","","",
"Have It All (Live)","spotify:track:6Y0VMYZ0UioJ8QRvYLz7XY","","","","","","","","","","","","","","","","","","","","","","","","","x","x","","x","","","","","",
"Say It (feat. Tove Lo)","spotify:track:217xrcrbBtgJhvlHicxTSH","","","","","","","","","","","","","","","","","","","","","","","","","","","","","x","","","","",
"Marvelous Light","spotify:track:3s0dZdmxoCicJfzezSkfCj","","","","","","","","","","","","","","","","","","","","","","","","","","x","","","","","","","",
"I See Heaven","spotify:track:4ZOullI0mMvUwBFHwOBW7G","","","","","","","","","","","","","","","","","","","","","","","","","x","x","","","","","x","","",
"Don't You Worry Child (Radio Edit) [feat. John Martin]","spotify:track:2V65y3PX4DkRhy1djlxd9p","","","","","","","","x","","","","","","","","","","","","","","","","","","","","","","","","","",
"Into You","spotify:track:2meEiZKWkiN28gITzFwQo5","","","","","x","","x","","","","","","","","","","","","","","","","","","","","","","x","","","","",
"Open Heaven (River Wild) - Live","spotify:track:65UAXIxpJtVSHz05KjykmQ","","","","","","","","","","","","","","","","","","","","","","","","","x","x","","","","","x","","",
"A.D.H.D","spotify:track:2MYl0er3UZ1RlKwRb5LODh","x","x","","","","","","","","","","","","","","","","","","","","","","","","","","","","","x","","",
"Mercy and Majesty","spotify:local:Brian+Johnson:After+All+These+Years:Mercy+and+Majesty:266","","","","","","","","","","","","","","","","","","","","","","","","","","","","","","x","","","",
"From the Inside Out - Live","spotify:track:3PcIyN4w8oNpcPFv4dNeVy","","","","","","","","","","","","","","","","","","","","","","","","","","x","","","","","","","",
"Star","spotify:track:41lw42I7uyqwPEQOPZwcOG","","","","","","x","","","","","","","","","","","","","","","","","","","","","","","","","","","",
"Cash Out","spotify:track:0Ws8D3EWUDgY962Xftb0h5","","","","","x","","","","","","","","","","","","","","","","","","","","","","","","","","","","",
"Unravel Me","spotify:track:7FqF7Abk73lQaVUsCwmKJ0","x","","","","","","","","","","","","","","x","","x","","","","","","","","","","","","","","","","",
"My Lighthouse","spotify:track:3JLArJo8YEmh5RMCGpCjSU","","","","","","","","","","","","","","","","","","","","","","","","","","x","","","","","","x","",
"Worthy of It All (Live)","spotify:track:0MtjzATdzSF7lPB0tDHFnA","","","","","","","","","","","","","","","","","","","","","","","","","","x","","x","","","","","",
"String Quartet No. 6 Op.80 in F minor: III Adagio","spotify:track:3OprkJHWQqrFXDzHBic1Qa","","","","","","","","","","","","","","","","","","","","","","","","","","","","","","","","","x",
